"cms_page_id","node_id","template_top_id","second_template_top_id","second_template_context","page_type","page_status","force_folder","force_extract","page_title","page_short_title","page_sub_title","page_description","page_body_headline","page_body","page_addtional_code","draft_page_title","draft_page_short_title","draft_page_sub_title","draft_page_description","draft_page_body_headline","draft_page_body","draft_page_addtional_code","img_cms_resource_id","creator","published_time","updated_time","last_edit_time","created_time","dirty","search_text"
"85","72","21","0","mb","contents","published","1","0","Your first page","","","","","<h1>Your first page</h1>","","Your first page","","","","","<h1>Your first page</h1>","","0","","2015-03-12 20:25:30.26972","2015-03-12 20:17:00","2015-03-12 20:25:30.26972","2015-03-12 19:54:00","2015-03-12 20:35:03.765005","your first page "
"86","73","14","0","mb","blog-category","published","1","0","Blog Top","","","","","<h1>Blog Top</h1>","","Blog Top","","","","","<h1>Blog Top</h1>","","0","","2015-03-12 19:55:38.05387","2015-03-12 19:55:00","2015-03-12 19:55:38.05387","2015-03-12 19:55:00","2015-03-12 20:35:03.765005","blog top "
"87","74","14","0","mb","blog-category","published","1","0","Archive 01","","","","","<h1>Archive 01</h1><p><br /></p>","","Archive 01","","","","","<h1>Archive 01</h1><p><br /></p>","","0","","2015-03-12 19:56:36.617695","2015-03-12 19:56:00","2015-03-12 19:56:36.617695","2015-03-12 19:56:00","2015-03-12 20:35:03.765005","archive 01    "
"88","75","15","0","mb","blog","published","1","0","test blog","","","","","<h1>test blog</h1>","","test blog","","","","","<h1>test blog</h1>","","0","","2015-03-12 20:26:16.686087","2015-03-12 20:17:00","2015-03-12 20:26:16.686087","2015-03-12 20:17:00","2015-03-12 20:35:03.765005","test blog "
