"template_container_id","node_id","template_container_name","div_id","div_left_id","div_right_id","code_css","code_js","code_alinous","num_lines","has_paging","estimated_height"
"10","2","Middle of Standard Page","standard-middle","standard-middle-left","standard-middle-right","#standard-middle {
  width: 1000px;
  margin-left: auto;
  margin-right: auto;
  margin-top: 50px;
}

#standard-middle-left {
  width: 285px;
  float:left;
  padding: 0 15px 0 0;
  margin: 0;
}

#standard-middle-right {
  width: 700px;
  float:left;
}

","","return 0;","2","0","600"
