"template_top_id","position_order","template_top_code","template_top_name","div_id","code_css","code_html","code_alinous","code_js","has_paging","paging_template_primitive_id"
"10","0","default","Default Page","wrap","body{
  padding: 0;
  margin: 0;
}

#wap {

}","<html>
<head>
  <title>{$title}</title>
  <meta name=""description"" content=""{$cms_page.page_description}"" />
  {$autoHeader}
</head>
<body>
  {$autoBody}
</body>
</html>","$cms_page = getPage($IN, $SESSION);

$title = $cms_page.page_title;
if($cms_page.page_sub_title != """"){
	$title = $title + "" - "" + $cms_page.page_sub_title;
}

return 0;

function getPage($IN, $SESSION)
{
	SELECT * INTO cms_page
	FROM
		cms_page
	WHERE
		cms_page.cms_page_id = $IN.cms_page_id;
	
	return $cms_page[0];
}
","","0","0"
