"tree_id","node_id","page_path","page_depth","page_order","page_children"
"cms","72","/main","1","1","1"
"cms","73","/main/blog","2","1","1"
"cms","74","/main/blog/archive01","3","1","1"
"cms","75","/main/blog/archive01/test","4","1","0"
"container","1","/main","1","1","4"
"container","2","/main/standard-middle","2","1","0"
"container","3","/main/search","2","4","0"
"container","4","/main/tag","2","3","0"
"container","5","/blog","1","2","3"
"container","6","/blog/blog_top","2","1","0"
"container","7","/blog/blog-article-main","2","2","0"
"container","8","/blog/blog_category","2","3","0"
"container","9","/main/top-container","2","2","0"
"primitive","1","/main","1","1","10"
"primitive","2","/main/footer","2","10","0"
"primitive","3","/main/header","2","9","0"
"primitive","4","/main/bread","2","8","0"
"primitive","5","/main/article","2","5","0"
"primitive","6","/main/side-navi","2","3","0"
"primitive","7","/tags","1","2","6"
"primitive","8","/tags/relevant","2","5","0"
"primitive","9","/tags/tagged_pages","2","4","0"
"primitive","10","/tags/childtags","2","3","0"
"primitive","11","/tags/tag-side-navi","2","2","0"
"primitive","12","/tags/page-tag","2","1","0"
"primitive","13","/modules","1","3","2"
"primitive","14","/modules/search","2","1","0"
"primitive","15","/main/site-contents","2","6","0"
"primitive","16","/modules/logmouse","2","2","0"
"primitive","17","/main/rss","2","11","0"
"primitive","18","/main/social","2","12","0"
"primitive","19","/inline","1","4","3"
"primitive","20","/blog","1","5","5"
"primitive","21","/inline/latest","2","3","0"
"primitive","22","/inline/source","2","2","0"
"primitive","23","/blog/blog-latest-side","2","5","0"
"primitive","24","/blog/latest_blog","2","4","0"
"primitive","25","/blog/blog-article","2","2","0"
"primitive","26","/blog/blognextprev","2","1","0"
"primitive","40","/inline/anchor","2","1","0"
"primitive","41","/tags/blogs-for-contents","2","6","0"
"primitive","42","/main/go-top","2","7","0"
"primitive","43","/main/sticky-nani","2","4","0"
"primitive","44","/blog/relevant-blog","2","3","0"
"tag","51","/main","1","1","2"
"tag","52","/main/main","2","1","0"
"tag","53","/main/interest","2","2","0"
