"tree_id","node_id","page_path","page_depth","page_order","page_children"
"cms","1","/localhost","1","1","3"
"cms","2","/localhost/demo","2","1","3"
"cms","3","/localhost/demo/login","3","1","0"
"cms","4","/localhost/demo/contents","3","2","0"
"cms","5","/localhost/demo/tag","3","4","0"
"cms","6","/localhost/search","2","5","0"
"cms","7","/localhost/tags","2","3","1"
"cms","8","/localhost/tags/demo","3","1","3"
"cms","9","/localhost/tags/demo/login","4","1","0"
"cms","10","/localhost/tags/demo/contents","4","2","0"
"cms","11","/localhost/tags/demo/template","4","3","0"
"container","1","/main","1","1","3"
"container","2","/main/standard-middle","2","1","0"
"container","3","/main/search","2","3","0"
"container","4","/main/tag","2","2","0"
"primitive","1","/main","1","1","6"
"primitive","2","/main/footer","2","6","0"
"primitive","3","/main/header","2","5","0"
"primitive","4","/main/bread","2","4","0"
"primitive","5","/main/article","2","2","0"
"primitive","6","/main/side-navi","2","1","0"
"primitive","7","/tags","1","2","5"
"primitive","8","/tags/relevant","2","5","0"
"primitive","9","/tags/tagged_pages","2","4","0"
"primitive","10","/tags/childtags","2","3","0"
"primitive","11","/tags/tag-side-navi","2","2","0"
"primitive","12","/tags/page-tag","2","1","0"
"primitive","13","/modules","1","3","1"
"primitive","14","/modules/search","2","1","0"
"primitive","15","/main/site-contents","2","3","0"
"tag","1","/localhost","1","1","1"
"tag","2","/localhost/demo","2","1","3"
"tag","3","/localhost/demo/login","3","1","0"
"tag","4","/localhost/demo/template","3","3","0"
"tag","5","/localhost/demo/contents","3","2","0"
