"item_used","item_type","item_type_desc","item_order","item_essential"
"0","apache-Ip","%A","0","0"
"0","bytes-with-header","%B","1","0"
"0","connection-statsus","%X","11","0"
"0","ignore-1","ignore1","12","0"
"0","ignore-2","ignore2","13","0"
"0","ignore-3","ignore3","14","0"
"0","ignore-4","ignore4","15","0"
"0","method","%m","4","0"
"0","query-string","%q","5","0"
"0","requested-file","%f","2","0"
"0","request_protocol","%H","3","0"
"0","status-last","%>S","6","0"
"0","time-spent","%T","7","0"
"0","url-path","%u","8","0"
"0","virtual-host","%v","9","0"
"0","virtual-host-canonical","%V","10","0"
"1","bytes","%b","6","0"
"1","local-client-id","%l","1","0"
"1","referer","%{Referer}i","7","0"
"1","remote-host","%h","0","1"
"1","request-first-line","%r","4","0"
"1","status","%s","5","0"
"1","time","%t","3","0"
"1","user-agent","%{User-Agent}i","8","0"
"1","user-name","%u","2","0"
