"remote_host","access_time","path","protocol","method","bytes","referer","response_status","user_agent"
"localhost","2014-12-01 14:23:05","/","HTTP/1.1","GET","0","","200","Mozilla/5.0 (X11; Ubuntu; Linux x86_64; rv:33.0) Gecko/20100101 Firefox/33.0"
"localhost","2014-12-01 14:23:14","/mb/","HTTP/1.1","GET","0","","200","Mozilla/5.0 (X11; Ubuntu; Linux x86_64; rv:33.0) Gecko/20100101 Firefox/33.0"
"localhost","2014-12-01 15:26:18","/","HTTP/1.1","GET","0","","200","Mozilla/5.0 (Windows NT 6.1; WOW64) AppleWebKit/535.11 (KHTML, like Gecko) Chrome/17.0.963.33 Safari/535.11"
"localhost","2014-12-01 15:26:47","/","HTTP/1.1","GET","0","","200","Mozilla/5.0 (Windows NT 6.1; WOW64) AppleWebKit/535.11 (KHTML, like Gecko) Chrome/17.0.963.33 Safari/535.11"
"localhost","2014-12-01 15:26:51","/","HTTP/1.1","GET","0","","200","Mozilla/5.0 (Windows NT 6.1; WOW64) AppleWebKit/535.11 (KHTML, like Gecko) Chrome/17.0.963.33 Safari/535.11"
"localhost","2014-12-01 15:26:52","/","HTTP/1.1","GET","0","","200","Mozilla/5.0 (Windows NT 6.1; WOW64) AppleWebKit/535.11 (KHTML, like Gecko) Chrome/17.0.963.33 Safari/535.11"
"localhost","2014-12-01 15:26:55","/","HTTP/1.1","GET","0","","302","Mozilla/5.0 (iPhone; U; CPU iPhone OS 2_0_1 like Mac OS X; ja-jp) AppleWebKit/525.18.1 (KHTML, like Gecko) Version/3.1.1 Mobile/5B108 Safari/525.20"
"localhost","2014-12-01 15:26:55","/mb/","HTTP/1.1","GET","0","","200","Mozilla/5.0 (iPhone; U; CPU iPhone OS 2_0_1 like Mac OS X; ja-jp) AppleWebKit/525.18.1 (KHTML, like Gecko) Version/3.1.1 Mobile/5B108 Safari/525.20"
"localhost","2014-12-01 15:27:18","/mb/","HTTP/1.1","GET","0","","200","Mozilla/5.0 (iPhone; U; CPU iPhone OS 2_0_1 like Mac OS X; ja-jp) AppleWebKit/525.18.1 (KHTML, like Gecko) Version/3.1.1 Mobile/5B108 Safari/525.20"
"localhost","2014-12-01 15:27:29","/mb/","HTTP/1.1","GET","0","","200","Mozilla/5.0 (iPhone; U; CPU iPhone OS 2_0_1 like Mac OS X; ja-jp) AppleWebKit/525.18.1 (KHTML, like Gecko) Version/3.1.1 Mobile/5B108 Safari/525.20"
"localhost","2014-12-01 15:32:52","/mb/tags/demo/","HTTP/1.1","GET","0","http://localhost:8080/mb/","200","Mozilla/5.0 (iPhone; U; CPU iPhone OS 2_0_1 like Mac OS X; ja-jp) AppleWebKit/525.18.1 (KHTML, like Gecko) Version/3.1.1 Mobile/5B108 Safari/525.20"
"localhost","2014-12-01 15:32:57","/mb/tags/demo/contents/","HTTP/1.1","GET","0","http://localhost:8080/mb/tags/demo/","200","Mozilla/5.0 (iPhone; U; CPU iPhone OS 2_0_1 like Mac OS X; ja-jp) AppleWebKit/525.18.1 (KHTML, like Gecko) Version/3.1.1 Mobile/5B108 Safari/525.20"
"localhost","2014-12-01 15:33:00","/mb/tags/demo/","HTTP/1.1","GET","0","http://localhost:8080/mb/tags/demo/contents/","200","Mozilla/5.0 (iPhone; U; CPU iPhone OS 2_0_1 like Mac OS X; ja-jp) AppleWebKit/525.18.1 (KHTML, like Gecko) Version/3.1.1 Mobile/5B108 Safari/525.20"
"localhost","2014-12-01 15:33:01","/mb/tags/demo/login/","HTTP/1.1","GET","0","http://localhost:8080/mb/tags/demo/","200","Mozilla/5.0 (iPhone; U; CPU iPhone OS 2_0_1 like Mac OS X; ja-jp) AppleWebKit/525.18.1 (KHTML, like Gecko) Version/3.1.1 Mobile/5B108 Safari/525.20"
"localhost","2014-12-01 15:35:19","/mb/demo/login/","HTTP/1.1","GET","0","http://localhost:8080/mb/tags/demo/login/","200","Mozilla/5.0 (iPhone; U; CPU iPhone OS 2_0_1 like Mac OS X; ja-jp) AppleWebKit/525.18.1 (KHTML, like Gecko) Version/3.1.1 Mobile/5B108 Safari/525.20"
