"tree_id","node_id","page_path","page_depth","page_order","page_children"
"container","1","/main","1","1","4"
"container","2","/main/standard-middle","2","1","0"
"container","3","/main/search","2","4","0"
"container","4","/main/tag","2","3","0"
"container","5","/blog","1","2","3"
"container","6","/blog/blog_top","2","1","0"
"container","7","/blog/blog-article-main","2","2","0"
"container","8","/blog/blog_category","2","3","0"
"container","9","/main/top-container","2","2","0"
"primitive","1","/main","1","1","8"
"primitive","2","/main/footer","2","8","0"
"primitive","3","/main/header","2","7","0"
"primitive","4","/main/bread","2","6","0"
"primitive","5","/main/article","2","4","0"
"primitive","6","/main/side-navi","2","3","0"
"primitive","7","/tags","1","2","5"
"primitive","8","/tags/relevant","2","5","0"
"primitive","9","/tags/tagged_pages","2","4","0"
"primitive","10","/tags/childtags","2","3","0"
"primitive","11","/tags/tag-side-navi","2","2","0"
"primitive","12","/tags/page-tag","2","1","0"
"primitive","13","/modules","1","3","2"
"primitive","14","/modules/search","2","1","0"
"primitive","15","/main/site-contents","2","5","0"
"primitive","16","/modules/logmouse","2","2","0"
"primitive","17","/main/rss","2","9","0"
"primitive","18","/main/social","2","10","0"
"primitive","19","/inline","1","4","2"
"primitive","20","/blog","1","5","4"
"primitive","21","/inline/latest","2","2","0"
"primitive","22","/inline/source","2","1","0"
"primitive","23","/blog/blog-latest-side","2","4","0"
"primitive","24","/blog/latest_blog","2","3","0"
"primitive","25","/blog/blog-article","2","2","0"
"primitive","26","/blog/blognextprev","2","1","0"
"primitive","27","/sp-main","1","6","4"
"primitive","28","/sp-blog","1","7","3"
"primitive","29","/sp-tags","1","8","3"
"primitive","30","/sp-main/sp-footer","2","4","0"
"primitive","31","/sp-main/sp-bread-list","2","3","0"
"primitive","32","/sp-main/sp-article","2","2","0"
"primitive","33","/sp-main/sp-header","2","1","0"
"primitive","34","/sp-blog/sp-blog-article","2","3","0"
"primitive","35","/sp-blog/sp-blog-next-prev","2","2","0"
"primitive","36","/sp-blog/sp-latest-blog-articles","2","1","0"
"primitive","37","/sp-tags/sp-tagged-pages","2","3","0"
"primitive","38","/sp-tags/sp-children-tags","2","2","0"
"primitive","39","/sp-tags/sp-page-tags","2","1","0"
