"tree_move_id","node_id","src_location","dst_location","done","site_path"
"11","443","/document-cms/customize/standard-contents/","/document-cms/customize/top-templates/standard-contents/","1","/alinous.org"
"12","450","/document-cms/customize/top-page/","/document-cms/customize/top-templates/top-page/","1","/alinous.org"
"13","451","/document-cms/customize/blog-top-page/","/document-cms/customize/top-templates/blog-top-page/","1","/alinous.org"
"14","452","/document-cms/customize/blog-article-page-top/","/document-cms/customize/top-templates/blog-article-page-top/","1","/alinous.org"
"15","453","/document-cms/customize/blog-cateogry-top/","/document-cms/customize/top-templates/blog-cateogry-top/","1","/alinous.org"
"16","454","/document-cms/customize/tag-page/","/document-cms/customize/top-templates/tag-page/","1","/alinous.org"
"17","455","/document-cms/customize/search-page-top/","/document-cms/customize/top-templates/search-page-top/","1","/alinous.org"
"18","447","/document-cms/customize/middle-of-main/","/document-cms/customize/container-templates/middle-of-main/","1","/alinous.org"
"19","456","/document-cms/customize/middle-of-top-page/","/document-cms/customize/container-templates/middle-of-top-page/","1","/alinous.org"
"21","457","/document-cms/customize/middle-of-tag-page/","/document-cms/customize/container-templates/middle-of-tag-page/","1","/alinous.org"
"22","458","/document-cms/customize/middle-of-search-page/","/document-cms/customize/container-templates/middle-of-search-page/","1","/alinous.org"
"23","459","/document-cms/customize/blog-top-page-container/","/document-cms/customize/container-templates/blog-top-page-container/","1","/alinous.org"
"24","460","/document-cms/customize/blog-article-container/","/document-cms/customize/container-templates/blog-article-container/","1","/alinous.org"
"25","461","/document-cms/customize/blog-category-container/","/document-cms/customize/container-templates/blog-category-container/","1","/alinous.org"
"26","448","/document-cms/customize/bread-list/","/document-cms/customize/main-parts/bread-list/","1","/alinous.org"
"27","462","/document-cms/customize/article/","/document-cms/customize/main-parts/article/","1","/alinous.org"
"28","463","/document-cms/customize/side-navi/","/document-cms/customize/main-parts/side-navi/","1","/alinous.org"
"29","464","/document-cms/customize/header/","/document-cms/customize/main-parts/header/","1","/alinous.org"
"30","465","/document-cms/customize/footer/","/document-cms/customize/main-parts/footer/","1","/alinous.org"
"31","466","/document-cms/customize/social-links-part/","/document-cms/customize/main-parts/social-links-part/","1","/alinous.org"
"32","467","/document-cms/customize/rss/","/document-cms/customize/main-parts/rss/","1","/alinous.org"
"33","468","/document-cms/customize/tags-side-navi/","/document-cms/customize/tag-grouping/tags-side-navi/","1","/alinous.org"
"34","469","/document-cms/customize/children-tags/","/document-cms/customize/tag-grouping/children-tags/","1","/alinous.org"
"35","470","/document-cms/customize/tags-of-page/","/document-cms/customize/tag-grouping/tags-of-page/","1","/alinous.org"
"36","471","/document-cms/customize/tagged-pages/","/document-cms/customize/tag-grouping/tagged-pages/","1","/alinous.org"
"37","472","/document-cms/customize/relevant-contents/","/document-cms/customize/tag-grouping/relevant-contents/","1","/alinous.org"
"38","473","/document-cms/customize/blog-article/","/document-cms/customize/blog-parts/blog-article/","1","/alinous.org"
"39","474","/document-cms/customize/latest-blog-articles/","/document-cms/customize/blog-parts/latest-blog-articles/","1","/alinous.org"
"40","475","/document-cms/customize/blog-side-parts/","/document-cms/customize/blog-parts/blog-side-parts/","1","/alinous.org"
"41","476","/document-cms/customize/prev-next-articles/","/document-cms/customize/blog-parts/prev-next-articles/","1","/alinous.org"
"42","477","/document-cms/customize/search-content/","/document-cms/customize/modules/search-content/","1","/alinous.org"
"43","478","/document-cms/customize/latest-news/","/document-cms/customize/modules/latest-news/","1","/alinous.org"
"44","479","/document-cms/customize/source-codes/","/document-cms/customize/modules/source-codes/","1","/alinous.org"
"45","529","/document-cms/smartphone/smartphone-top/","/document-cms/smartphone/templates/smartphone-top/","1","/alinous.org"
"46","511","/document-cms/smartphone/smartphone-standard/","/document-cms/smartphone/templates/smartphone-standard/","1","/alinous.org"
"47","512","/document-cms/smartphone/smartphone-blog-category/","/document-cms/smartphone/templates/smartphone-blog-category/","1","/alinous.org"
"48","513","/document-cms/smartphone/smartphone-blog-article/","/document-cms/smartphone/templates/smartphone-blog-article/","1","/alinous.org"
"49","514","/document-cms/smartphone/smartphone-tag-page/","/document-cms/smartphone/templates/smartphone-tag-page/","1","/alinous.org"
"50","515","/document-cms/smartphone/smartphone-header/","/document-cms/smartphone/main-parts/smartphone-header/","1","/alinous.org"
"51","518","/document-cms/smartphone/smartphone-footer/","/document-cms/smartphone/main-parts/smartphone-footer/","1","/alinous.org"
"52","516","/document-cms/smartphone/smartphone-article/","/document-cms/smartphone/main-parts/smartphone-article/","1","/alinous.org"
"53","517","/document-cms/smartphone/smartphone-bread-list/","/document-cms/smartphone/main-parts/smartphone-bread-list/","1","/alinous.org"
"54","524","/document-cms/smartphone/smartphone-tagged-pages/","/document-cms/smartphone/keyword-tag/smartphone-tagged-pages/","1","/alinous.org"
"55","522","/document-cms/smartphone/smartphone-tags-of-the-page/","/document-cms/smartphone/keyword-tag/smartphone-tags-of-the-page/","1","/alinous.org"
"56","519","/document-cms/smartphone/smartphone-latest-blog-articles/","/document-cms/smartphone/blog-parts/smartphone-latest-blog-articles/","1","/alinous.org"
"57","520","/document-cms/smartphone/smartphone-next-and-prev-article/","/document-cms/smartphone/blog-parts/smartphone-next-and-prev-article/","1","/alinous.org"
"58","523","/document-cms/smartphone/smartphone-children-tags/","/document-cms/smartphone/keyword-tag/smartphone-children-tags/","1","/alinous.org"
"59","521","/document-cms/smartphone/smartphone-blog-article-part/","/document-cms/smartphone/blog-parts/smartphone-blog-article-part/","1","/alinous.org"
"60","426","/document-cms/cms-template/top-template-feature/","/document-cms/cms-template/top-template/top-template-feature/","1","/alinous.org"
"61","429","/document-cms/cms-template/edit-top-template/","/document-cms/cms-template/top-template/edit-top-template/","1","/alinous.org"
"62","430","/document-cms/cms-template/top-template-design-code/","/document-cms/cms-template/top-template/top-template-design-code/","1","/alinous.org"
"63","431","/document-cms/cms-template/server-code-of-top-template/","/document-cms/cms-template/top-template/server-code-of-top-template/","1","/alinous.org"
"64","427","/document-cms/cms-template/container-template-feature/","/document-cms/cms-template/container-template/container-template-feature/","1","/alinous.org"
"65","432","/document-cms/cms-template/edit-container-template/","/document-cms/cms-template/container-template/edit-container-template/","1","/alinous.org"
"66","433","/document-cms/cms-template/edit-design-javascript/","/document-cms/cms-template/container-template/edit-design-javascript/","1","/alinous.org"
"67","434","/document-cms/cms-template/edit-container-template-server-program/","/document-cms/cms-template/container-template/edit-container-template-server-program/","1","/alinous.org"
"68","428","/document-cms/cms-template/template-primitive-feature/","/document-cms/cms-template/primitive-component/template-primitive-feature/","1","/alinous.org"
"69","435","/document-cms/cms-template/edit-template-design/","/document-cms/cms-template/primitive-component/edit-template-design/","1","/alinous.org"
"70","436","/document-cms/cms-template/edit-server-code/","/document-cms/cms-template/primitive-component/edit-server-code/","1","/alinous.org"
"71","437","/document-cms/cms-template/paging/","/document-cms/cms-template/primitive-component/paging/","1","/alinous.org"
"72","438","/document-cms/cms-template/dynamic/","/document-cms/cms-template/primitive-component/dynamic/","1","/alinous.org"
"73","439","/document-cms/cms-template/import-export/","/document-cms/cms-template/primitive-component/import-export/","1","/alinous.org"
"74","440","/document-cms/cms-template/inline-template/","/document-cms/cms-template/inline/inline-template/","1","/alinous.org"
"75","441","/document-cms/cms-template/template-parameter/","/document-cms/cms-template/inline/template-parameter/","1","/alinous.org"
"89","404","/document-cms/get-started-install/openshift/","/document-cms/get-started-install/git-repository/openshift/","0","/alinous.org"
